{"cameraMode":{"drawMode":0,"name":"Shaded","section":"Shading Mode"},"sceneLighting":true,"audioPlay":false,"sceneViewState":{"m_AlwaysRefresh":false,"showFog":true,"showSkybox":true,"showFlares":true,"showImageEffects":true,"showParticleSystems":true,"showVisualEffectGraphs":true,"m_FxEnabled":true},"in2DMode":false,"pivot":{"x":-13.951005935668946,"y":2.3076977729797365,"z":-1.7411044836044312},"rotation":{"x":0.161118283867836,"y":0.6706236004829407,"z":-0.15263517200946809,"w":0.7078456282615662},"size":10.169259071350098,"orthographic":true}